"id","awayPrice","homePrice","exchangeId","gameId"
576,0.56,1.60,2,65
577,0.87,0.95,2,66
578,0.91,0.91,2,67
579,1.00,0.83,2,68
580,0.83,1.00,2,69
581,0.77,1.10,2,70
582,0.95,0.87,2,71
583,1.00,0.83,2,72
584,0.43,1.90,2,73
585,0.80,1.05,2,74
586,0.95,0.87,2,75
587,0.83,1.00,2,76
588,0.95,0.87,2,77
589,0.71,1.20,2,78
590,1.35,0.65,2,79
599,1.85,0.44,2,88
600,0.95,0.87,2,89
601,0.77,1.10,2,90
602,1.15,0.74,2,91
603,0.65,1.35,2,92
604,0.83,1.00,2,93
605,0.63,1.40,2,94
606,0.69,1.25,2,95
607,0.87,0.95,2,96
608,0.87,0.95,2,97
609,1.20,0.71,2,98
610,0.87,0.95,2,99
611,1.20,0.71,2,100
612,1.45,0.61,2,101
613,1.10,0.77,2,102
614,0.67,1.30,2,103
615,0.87,0.95,2,104
616,1.35,0.65,2,105
617,0.74,1.15,2,106
618,0.74,1.15,2,107
619,1.00,0.83,2,108
620,0.95,0.87,2,109
621,0.83,1.00,2,110
622,1.35,0.65,2,111
623,0.83,1.00,2,112
624,1.25,0.69,2,113
625,1.10,0.77,2,114
626,0.87,1.90,2,115
627,1.05,0.80,2,116
628,1.15,0.74,2,117
629,0.91,0.91,2,118
630,1.00,0.83,2,119
631,1.30,0.67,2,120
632,0.87,0.95,2,121
633,0.63,1.40,2,122
634,0.80,1.05,2,123
635,1.70,0.50,2,124
636,1.25,0.69,2,125
637,0.91,0.91,2,126
638,1.10,0.77,2,127
639,1.15,0.74,2,128
640,0.87,0.95,2,129
642,1.25,0.69,2,131
644,1.75,0.48,2,133
645,0.80,1.05,2,134
646,0.77,1.10,2,135
647,1.45,0.61,2,136
648,1.55,0.57,2,137
649,1.50,0.59,2,138
650,1.55,0.57,2,139
651,1.05,0.80,2,140
652,0.95,0.87,2,141
653,1.45,0.61,2,142
654,1.15,0.74,2,143
655,0.91,0.91,2,144
656,1.67,0.52,2,145
657,1.00,0.83,2,146
658,0.95,0.87,2,147
659,0.80,1.05,2,148
660,1.45,0.61,2,149
661,1.10,0.77,2,150
662,1.15,0.74,2,151
663,1.35,0.63,2,152
664,1.50,0.59,2,153
665,1.67,0.52,2,154
666,1.50,0.59,2,155
673,1.70,0.50,2,162
674,0.87,0.95,2,163
675,1.10,0.77,2,164
676,1.55,0.57,2,165
677,0.83,1.00,2,166
678,1.15,0.74,2,167
679,1.05,0.80,2,168
680,1.75,0.48,2,169
681,0.91,0.91,2,170
682,1.20,0.71,2,171
683,1.55,0.57,2,172
684,0.87,0.95,2,173
685,0.74,1.15,2,174
686,1.30,0.67,2,175
687,0.95,0.87,2,176
688,1.55,0.57,2,177
689,1.80,0.45,2,178
690,1.67,0.52,2,179
691,1.40,0.63,2,180
692,1.15,0.74,2,181
693,0.83,1.00,2,182
694,1.15,0.74,2,183
695,1.15,0.74,2,184
696,2.00,0.42,2,185
697,0.87,0.95,2,186
698,1.75,0.48,2,187
699,1.15,0.74,2,188
700,1.30,0.67,2,189
701,1.05,0.80,2,190
702,1.65,0.54,2,191
704,1.15,0.74,2,193
705,1.30,0.67,2,194
706,0.74,1.15,2,195
707,0.63,1.40,2,196
708,1.15,0.74,2,197
709,0.74,1.15,2,198
710,1.70,0.50,2,199
711,1.65,0.54,2,200
712,0.91,0.91,2,201
713,1.25,0.69,2,202
714,1.50,0.59,2,203
715,0.74,1.15,2,204
716,0.91,0.91,2,205
721,1.35,0.65,2,210
722,1.65,0.54,2,211
723,1.05,0.80,2,212
724,1.10,0.77,2,213
725,1.10,0.77,2,214
726,1.30,0.67,2,215
727,1.05,0.80,2,216
728,1.05,0.80,2,217
729,1.65,0.54,2,218
730,0.59,1.50,2,219
731,1.10,0.77,2,220
732,0.95,0.87,2,221
733,1.40,0.63,2,222
734,1.00,0.83,2,223
735,0.67,1.30,2,224
736,0.57,1.55,2,225
737,0.91,0.91,2,226
738,0.95,0.87,2,227
739,0.74,1.15,2,228
740,0.63,1.40,2,229
741,0.80,1.05,2,230
742,0.65,1.35,2,231
743,0.95,0.87,2,232
744,0.83,1.00,2,233
745,1.90,0.43,2,234
746,0.91,0.91,2,235
747,1.40,0.63,2,236
748,0.91,0.91,2,237
749,1.20,0.71,2,238
751,1.15,0.74,2,240
752,1.15,0.74,2,241
753,1.20,0.71,2,242
754,0.74,1.15,2,243
755,0.91,0.91,2,244
756,1.10,0.77,2,245
757,1.15,0.74,2,246
758,0.77,1.10,2,247
759,1.00,0.83,2,248
760,1.10,0.77,2,249
761,0.57,1.55,2,250
762,0.87,0.95,2,251
763,0.71,1.20,2,252
764,1.00,0.83,2,253
765,0.91,0.91,2,254
766,0.91,0.91,2,255
767,0.83,1.00,2,256
769,1.10,0.77,2,258
770,1.35,0.65,2,259
771,1.05,0.80,2,260
772,1.00,0.83,2,261
773,0.69,1.25,2,262
774,0.80,1.05,2,263
775,1.25,0.69,2,264
776,1.10,0.77,2,265
777,1.90,0.43,2,266
778,1.20,0.71,2,267
779,0.71,1.20,2,268
780,0.80,1.05,2,269
781,0.65,1.35,2,270
782,0.87,0.95,2,271
783,0.59,1.50,2,272
784,0.87,0.95,2,273
785,0.91,0.91,2,274
786,1.00,0.83,2,275
787,1.40,0.63,2,276
788,0.71,1.20,2,277
789,0.91,0.91,2,278
790,1.70,0.50,2,279
791,0.71,1.20,2,280
792,0.91,0.91,2,281
793,1.20,0.71,2,282
794,1.75,0.48,2,283
798,0.74,1.15,2,287
799,1.30,0.67,2,288
800,0.87,0.95,2,289
801,1.45,0.61,2,290
802,0.69,1.25,2,291
803,1.65,0.54,2,292
804,1.70,0.50,2,293
805,1.15,0.74,2,294
806,1.15,0.74,2,295
807,1.90,0.43,2,296
808,0.95,0.87,2,297
809,1.35,0.65,2,298
810,1.20,0.71,2,299
811,1.00,0.83,2,300
812,0.83,1.00,2,301
813,1.10,0.77,2,302
814,0.95,0.87,2,303
815,1.00,0.83,2,304
816,0.77,1.10,2,305
817,1.20,0.71,2,306
818,1.45,0.61,2,307
819,1.25,0.69,2,308
820,1.15,0.74,2,309
821,0.91,0.91,2,310
822,1.05,0.80,2,311
823,0.83,1.00,2,312
824,0.95,0.87,2,313
825,1.25,0.69,2,314
826,0.56,1.60,2,315
827,1.25,0.69,2,316
828,1.05,0.80,2,317
829,1.30,0.67,2,318
830,1.95,0.43,2,319
832,1.15,0.74,2,321
833,0.83,1.00,2,322
834,1.25,0.69,2,323
835,0.71,1.20,2,324
836,1.00,0.83,2,325
837,0.87,0.95,2,326
838,0.87,0.95,2,327
839,0.87,0.95,2,328
840,0.71,1.20,2,329
841,0.80,1.05,2,330
842,1.00,0.83,2,331
1143,1.25,0.69,2,332
1144,1.45,0.61,2,333
1145,1.10,0.77,2,334
1146,1.55,0.57,2,335
1147,1.55,0.57,2,336
1148,1.35,0.65,2,337
1149,1.70,0.50,2,338
1150,0.67,1.30,2,339
1151,0.74,1.15,2,340
1152,0.77,1.10,2,341
1153,1.10,0.77,2,342
1154,0.74,1.15,2,343
1155,0.87,0.95,2,344
1156,1.25,0.69,2,345
1157,1.20,0.71,2,346
1158,1.75,0.48,2,347
1159,1.00,0.83,2,348
1160,1.30,0.67,2,349
1161,0.87,0.95,2,350
1162,1.15,0.74,2,351
1163,0.95,0.87,2,352
1164,1.55,0.74,2,353
1165,0.95,0.87,2,354
1166,1.00,0.83,2,355
1167,0.69,1.25,2,356
1168,1.20,0.71,2,357
1169,1.55,0.57,2,358
1170,0.61,1.45,2,359
1171,0.95,0.87,2,360
1172,0.54,1.65,2,361
1173,1.67,0.52,2,362
1174,1.67,0.52,2,363
1175,0.87,0.95,2,364
1176,0.91,0.91,2,365
1177,1.50,0.59,2,366
1178,1.60,0.56,2,367
1179,1.00,0.83,2,368
1180,0.91,0.91,2,369
1181,0.59,1.50,2,370
1182,1.00,0.83,2,371
1183,1.20,0.71,2,551
1184,1.15,0.74,2,552
1185,1.20,0.71,2,553
1186,1.00,0.83,2,554
1187,0.87,0.95,2,555
1188,1.50,0.59,2,556
1189,1.20,0.71,2,557
1190,1.20,0.71,2,558
1191,0.71,1.20,2,559
1192,1.50,0.59,2,560
1193,1.15,0.74,2,561
1194,0.95,0.87,2,562
1198,1.30,0.67,2,566
1199,1.90,0.43,2,567
1200,0.91,0.91,2,568
1201,1.00,0.83,2,569
1202,0.80,1.05,2,570
1203,0.80,1.05,2,571
1204,0.91,0.91,2,572
1205,1.75,0.48,2,573
1206,1.45,0.48,2,574
1207,1.40,0.63,2,575
1208,0.95,0.87,2,576
1209,1.15,0.74,2,577
1210,0.91,0.91,2,578
1211,1.25,0.69,2,579
1212,1.30,0.67,2,580
1213,0.80,1.05,2,581
1214,0.59,1.50,2,582
1215,1.15,0.74,2,583
1216,0.87,0.95,2,584
1217,1.30,0.67,2,585
1218,0.54,1.65,2,586
1219,2.20,0.37,2,587
1220,0.67,1.30,2,588
1221,1.00,0.83,2,589
1223,1.70,0.50,2,3336
1224,0.86,0.95,2,3337
1225,1.05,0.80,2,3338
1226,0.45,1.80,2,3339
1227,0.95,0.86,2,3340
1228,1.05,0.80,2,3341
1229,0.76,1.10,2,3342
1237,0.83,1.00,2,3350
1238,0.87,0.95,2,3351
1239,1.20,0.71,2,3352
1240,0.56,1.60,2,3353
1241,1.05,0.80,2,3354
1242,0.83,1.00,2,3355
1243,0.95,0.87,2,3356
1245,1.30,0.67,2,3358
1246,1.67,0.52,2,3359
1247,0.83,1.00,2,3360
1250,0.80,1.05,2,3363
1255,1.15,0.74,2,3368
1256,1.05,0.80,2,3369
1257,1.75,0.47,2,3370
1258,1.75,0.48,2,3371
1259,0.74,1.15,2,3372
1260,1.35,0.65,2,3373
1261,2.30,0.36,2,3374
1262,1.20,0.69,2,3375
1263,0.91,0.91,2,3376
1264,1.20,0.71,2,3377
1265,1.67,0.52,2,3378
1266,1.60,0.56,2,3379
1267,1.35,0.65,2,3380
1272,1.65,0.54,2,3385
1273,1.75,0.48,2,3386
1274,1.75,0.48,2,3387
1275,1.10,0.77,2,3388
1276,0.87,0.95,2,3389
1277,1.35,0.65,2,3390
1278,0.87,0.95,2,3391
1279,1.40,0.63,2,3392
1280,1.25,0.69,2,3393
1281,0.69,1.25,2,3394
1282,2.15,0.38,2,3395
1283,1.35,0.65,2,3396
1284,1.55,0.57,2,3397
1285,1.60,0.56,2,3398
1286,1.10,0.77,2,3399
1287,0.83,1.00,2,3400
1288,1.15,0.74,2,3401
1290,0.71,1.20,2,3403
1291,0.83,1.00,2,3404
1292,1.10,0.77,2,3405
1293,1.00,0.83,2,3406
1294,1.20,0.71,2,3407
1295,0.91,0.91,2,3408
1296,0.69,1.25,2,3409
1297,0.87,0.95,2,3410
1298,1.30,0.67,2,3411
1299,1.05,0.80,2,3412
1300,1.95,0.43,2,3413
1301,1.55,0.57,2,3414
1302,0.83,1.00,2,3415
1303,0.74,1.15,2,3416
1304,0.91,0.91,2,3417
1305,1.67,0.52,2,3418
1306,1.00,0.83,2,3419
1307,1.15,0.74,2,3420
1308,0.91,0.91,2,3421
1309,1.05,0.80,2,3422
1310,1.50,0.59,2,3423
1311,1.55,0.57,2,3424
1312,1.10,0.77,2,3425
1313,0.87,0.95,2,3426
1314,1.70,0.50,2,3427
1315,0.80,1.05,2,3428
1316,1.35,0.65,2,3429
1317,0.83,1.00,2,3430
1318,1.90,0.43,2,3431
1319,1.10,0.77,2,3432
1320,0.87,0.95,2,3433
1321,1.10,0.77,2,3434
1322,1.70,0.50,2,3435
1323,1.45,0.61,2,3436
1324,0.95,0.87,2,3437
1335,0.91,0.91,2,3448
1336,1.70,0.50,2,3449
1337,1.45,0.61,2,3450
1338,1.35,0.65,2,3451
1339,1.05,0.80,2,3452
1340,1.50,0.59,2,3453
1341,0.77,1.10,2,3454
1342,0.71,1.20,2,3455
1343,0.91,0.91,2,3456
1344,1.70,0.50,2,3457
1345,1.20,0.71,2,3458
1346,0.95,0.87,2,3459
1347,1.00,0.83,2,3460
1348,0.87,0.95,2,3461
1349,0.59,1.50,2,3462
1350,0.91,0.91,2,3463
1351,0.74,1.15,2,3464
1352,1.00,0.83,2,3465
1353,1.15,0.74,2,3466
1354,0.71,1.20,2,3467
1355,0.91,0.91,2,3468
1356,1.10,0.77,2,3469
1357,1.10,0.77,2,3470
1358,0.69,1.25,2,3471
1359,0.57,1.55,2,3472
1360,1.40,0.63,2,3473
1361,0.91,0.91,2,3474
1362,1.60,0.56,2,3475
1363,0.74,1.15,2,3476
1364,0.65,1.35,2,3477
1365,1.00,0.83,2,3478
1366,1.00,0.83,2,3479
1367,1.10,0.77,2,3480
1368,1.65,0.54,2,3481
1369,0.52,1.67,2,3482
1372,0.80,1.05,2,3485
1373,1.35,0.65,2,3486
1374,0.83,1.00,2,3487
1375,1.10,0.77,2,3488
1377,0.77,1.10,2,3490
1378,1.05,0.80,2,3491
1379,0.80,1.05,2,3492
1380,1.00,0.83,2,3493
1381,1.67,0.52,2,3494
1382,0.95,0.87,2,3495
1383,0.95,0.87,2,3496
1384,0.77,1.10,2,3497
1385,0.44,1.85,2,3498
1386,0.87,0.95,2,3499
1387,0.69,1.25,2,3500
1388,1.05,0.80,2,3501
1389,0.83,1.00,2,3502
1390,0.80,1.05,2,3503
1391,1.20,0.71,2,3504
1392,0.50,1.70,2,3505
1393,1.45,0.61,2,3506
1394,0.74,1.15,2,3507
1396,1.30,0.67,2,3509
1397,1.10,0.77,2,3510
1398,0.91,0.91,2,3511
1399,0.61,1.45,2,3512
1400,0.80,1.05,2,3513
1401,0.74,1.15,2,3514
1402,1.05,0.80,2,3515
1403,0.56,1.60,2,3516
1404,0.95,0.87,2,3517
1405,0.83,1.00,2,3518
1406,0.87,0.95,2,3519
1407,1.05,0.80,2,3520
1408,1.67,0.52,2,3521
1410,0.95,0.87,2,3523
1411,0.50,1.70,2,3524
1412,0.77,1.10,2,3525
1413,0.69,1.25,2,3526
1414,0.67,1.30,2,3527
1415,0.71,1.20,2,3528
1416,0.77,1.10,2,3529
1417,0.87,0.95,2,3530
1418,1.10,0.77,2,3531
1420,1.50,0.59,2,3533
1421,0.71,1.20,2,3534
1422,1.05,0.80,2,3535
1423,0.83,1.00,2,3536
1424,1.05,0.80,2,3537
1425,0.69,1.20,2,3538
1426,1.20,0.71,2,3539
1427,0.91,0.91,2,3540
1428,1.10,0.77,2,3541
1429,0.95,0.87,2,3542
1430,0.80,1.05,2,3543
1443,0.95,0.86,2,3542
1444,1.10,0.76,2,3541
1445,1.50,0.58,2,3545
1446,1.35,0.64,2,3544
1448,0.90,0.90,2,3546
1449,1.20,0.71,2,3547
1450,1.70,0.50,2,3548
1451,0.66,1.30,2,3549
1452,0.71,1.20,2,3550
1453,0.83,1.00,2,3551
1454,1.67,0.52,2,3552
1455,0.74,1.15,2,3553
1456,1.80,0.45,2,3555
1457,0.83,1.00,2,3554
1458,0.83,1.00,2,3556
1459,1.45,0.60,2,3557
1460,0.95,0.86,2,3558
1461,0.95,0.86,2,3560
1462,1.30,0.66,2,3559
1463,1.40,0.62,2,3563
1464,1.15,0.74,2,3562
1465,0.80,1.05,2,3561
1466,1.10,0.76,2,3564
1467,1.80,0.45,2,3565
1468,1.40,0.62,2,3566
1469,1.15,0.74,2,3567
1470,0.58,1.50,2,3568
1471,1.75,0.47,2,3569
1472,1.00,0.83,2,3570
1473,0.90,0.90,2,3571
1474,1.60,0.55,2,3572
1475,0.83,1.00,2,3573
1476,1.25,0.68,2,3574
1477,1.35,0.64,2,3577
1478,1.00,0.83,2,3575
1479,1.15,0.74,2,3576
1480,1.50,0.58,2,3578
1481,1.05,0.80,2,3579
1482,1.55,0.57,2,3580
1483,0.50,1.70,2,3581
1484,1.10,0.76,2,3582
1486,0.95,0.86,2,3584
1487,1.55,0.57,2,3585
1488,2.10,0.40,2,3587
1489,1.25,0.68,2,3586
1490,0.95,0.86,2,3588
1491,1.15,0.74,2,3590
1492,0.80,1.05,2,3589
1493,1.65,0.54,2,3591
1494,1.50,0.58,2,3592
1495,1.20,0.71,2,3593
1496,1.70,0.50,2,3594
1497,0.95,0.86,2,3595
1498,0.80,1.05,2,3596
1499,0.86,0.95,2,3597
1500,1.55,0.57,2,3598
1509,0.86,0.95,2,3599
1517,1.05,0.80,2,3600
1518,2.00,0.41,2,3601
1519,0.95,0.86,2,3602
1520,0.86,0.95,2,3603
1521,1.30,0.66,2,3604
1522,0.83,1.00,2,3606
1523,1.60,0.55,2,3605
1524,1.00,0.83,2,3600
1525,0.74,1.15,2,3599
1526,1.95,0.42,2,3611
1527,1.80,0.45,2,3610
1528,1.70,0.50,2,3609
1529,2.15,0.38,2,3613
1530,1.35,0.64,2,3612
1531,0.80,1.05,2,3614
1547,1.70,0.50,2,3631
1548,1.60,0.55,2,3632
1549,1.25,0.68,2,3634
1550,0.95,0.86,2,3633
1551,1.60,0.55,2,3635
1552,1.20,0.71,2,3636
1553,1.55,0.57,2,3637
1554,0.95,0.86,2,3638
1556,1.55,0.57,2,3641
1557,1.30,0.66,2,3640
1558,1.40,0.62,2,3642
1559,1.00,0.83,2,3643
1560,1.40,0.62,2,3644
1561,1.95,0.42,2,3646
1562,1.30,0.66,2,3645
1563,1.25,0.68,2,3648
1564,1.90,0.43,2,3647
1565,0.90,0.90,2,3649
1566,1.10,0.76,2,3651
1567,0.95,0.86,2,3650
1568,0.68,1.25,2,3652
1569,1.05,0.80,2,3653
1570,1.40,0.62,2,3654
1571,1.67,0.52,2,3656
1572,1.00,0.83,2,3655
1573,1.35,0.64,2,3657
1574,0.90,0.90,2,3660
1575,0.74,1.15,2,3662
1576,0.62,1.40,2,3659
1577,1.05,0.80,2,3661
1578,2.15,0.38,2,3658
1579,0.86,0.95,2,3663
1580,0.95,0.86,2,3665
1581,1.60,0.55,2,3664
1582,1.10,0.76,2,3654
1583,0.76,1.10,2,3667
1584,0.90,0.90,2,3668
1585,1.00,0.83,2,3669
1586,1.15,0.74,2,3671
1587,1.45,0.60,2,3672
1588,1.45,0.60,2,3673
1589,0.74,1.15,2,3674
1590,0.86,0.95,2,3675
1591,1.20,0.71,2,3676
1592,1.00,0.83,2,3678
1593,0.76,1.10,2,3679
1594,1.25,0.68,2,3677
1595,0.80,1.05,2,3680
1596,1.15,0.74,2,3682
1597,1.35,0.64,2,3681
1598,1.60,0.55,2,3683
1599,0.71,1.20,2,3684
1600,0.74,1.15,2,3685
1601,0.86,0.95,2,3686
1602,0.83,1.00,2,3687
1603,0.40,2.10,2,3688
1604,1.15,0.74,2,3689
1606,1.30,0.66,2,3691
1607,1.40,0.62,2,3692
1608,1.10,0.76,2,3694
1609,0.76,1.10,2,3693
1610,1.05,0.80,2,3697
1611,0.83,1.00,2,3698
1612,1.50,0.58,2,3699
1613,0.76,1.10,2,3696
1614,0.58,1.50,2,3700
1615,1.20,0.71,2,3701
1616,0.66,1.30,2,3695
1617,0.95,0.86,2,3702
1618,0.71,1.20,2,3703
1619,1.00,0.83,2,3704
1620,0.64,1.35,2,3706
1621,1.40,0.62,2,3705
1622,1.00,0.83,2,3707
1623,0.76,1.10,2,3708
1624,0.95,0.86,2,3709
1625,1.95,0.42,2,3710
1627,1.55,0.57,2,3712
1628,0.76,1.10,2,3715
1629,0.76,1.10,2,3714
1630,0.90,0.90,2,3713
1631,0.62,1.40,2,3717
1632,0.95,0.86,2,3716
1633,1.45,0.60,2,3719
1634,0.90,0.90,2,3718
1635,0.60,1.45,2,3720
1636,1.05,0.80,2,3721
1638,0.95,0.86,2,3724
1639,0.76,1.10,2,3725
1640,1.10,0.76,2,3723
1641,1.70,0.50,2,3726
1642,0.54,1.65,2,3727
1643,0.95,0.86,2,3728
1644,1.05,0.80,2,3729
1645,0.60,1.45,2,3732
1646,1.05,0.80,2,3733
1647,0.95,0.86,2,3730
1648,0.83,1.00,2,3731
1649,0.62,1.40,2,3735
1650,1.30,0.66,2,3734
1651,1.75,0.47,2,3736
1652,1.45,0.60,2,3737
1653,0.90,0.90,2,3738
1654,0.95,0.86,2,3739
1655,1.00,0.83,2,3740
1656,0.57,1.55,2,3741
1657,1.35,0.64,2,3743
1658,0.86,0.95,2,3742
1659,0.76,1.10,2,3744
1660,0.76,1.10,2,3745
1661,1.85,0.44,2,3746
1662,0.80,1.05,2,3747
1663,0.90,0.90,2,3748
1664,0.66,1.30,2,3750
1665,1.20,0.71,2,3749
1666,2.55,0.31,2,3751
1667,0.68,1.25,2,3752
1668,2.15,0.38,2,3753
1669,0.62,1.40,2,3754
1670,1.30,0.66,2,3756
1671,0.83,1.00,2,3755
1672,1.00,0.83,2,3757
1673,1.00,0.83,2,3758
1674,1.75,0.47,2,3759
1675,0.74,1.15,2,3760
1676,1.55,0.57,2,3761
1677,0.50,1.70,2,3762
1678,0.90,0.90,2,3763
1679,0.95,0.86,2,3765
1680,1.20,0.71,2,3766
1681,1.75,0.47,2,3764
1682,0.71,1.20,2,3769
1683,1.75,0.47,2,3770
1684,0.64,1.35,2,3771
1685,1.70,0.50,2,3772
1686,0.74,1.15,2,3773
1687,0.83,1.00,2,3774
1688,0.86,0.95,2,3775
1689,1.70,0.50,2,3777
1690,1.05,0.80,2,3776
1691,1.30,0.66,2,3778
1692,0.80,1.05,2,3780
1693,1.30,0.66,2,3781
1694,1.90,0.43,2,3779
1695,0.68,1.25,2,3782
1696,0.86,0.95,2,3783
1697,0.76,1.10,2,3784
1698,1.10,0.76,2,3785
1699,1.05,0.80,2,3786
1700,0.76,1.10,2,3787
1701,0.83,1.00,2,3788
1702,1.95,0.42,2,3789
1703,0.74,1.15,2,3790
1704,1.40,0.62,2,3791
1705,1.10,0.76,2,3793
1706,1.35,0.64,2,3792
1707,1.25,0.68,2,3796
1708,0.86,0.95,2,3797
1709,0.86,0.95,2,3798
1710,1.30,0.66,2,3799
1711,1.35,0.64,2,3803
1712,0.55,1.60,2,3802
1713,0.90,0.90,2,3800
1714,2.00,0.41,2,3801
1715,1.55,0.57,2,3804
1716,0.90,0.90,2,3805
1717,1.15,0.74,2,3806
1718,2.05,0.40,2,3808
1719,0.83,1.00,2,3809
1720,0.58,1.50,2,3810
1722,1.85,0.44,2,3826
1723,1.20,0.71,2,3827
1724,1.35,0.64,2,3828
1725,1.75,0.47,2,3829
1726,1.45,0.60,2,3830
1727,0.62,1.40,2,3831
1728,1.15,0.74,2,3832
1729,2.00,0.41,2,3833
1730,1.50,0.58,2,3836
1731,1.55,0.57,2,3835
1732,0.90,0.90,2,3834
1733,1.50,0.58,2,3840
1734,1.15,0.74,2,3838
1735,1.75,0.47,2,3837
1736,1.40,0.62,2,3841
1737,1.45,0.60,2,3839
1738,0.74,1.15,2,3842
1739,1.35,0.64,2,3843
1740,0.80,1.05,2,3844
1741,1.05,0.80,2,3846
1742,1.85,0.44,2,3845
1743,1.75,0.47,2,3847
1744,0.74,1.15,2,3848
1745,1.90,0.43,2,3849
1746,0.83,1.00,2,3850
1747,1.70,0.50,2,3853
1748,1.45,0.60,2,3852
1749,1.10,0.76,2,3851
1750,1.25,0.68,2,3857
1751,1.60,0.55,2,3854
1752,0.90,0.90,2,3858
1753,1.00,0.83,2,3856
1754,0.86,0.95,2,3855
1755,0.71,1.20,2,3859
1756,1.60,0.55,2,3860
1757,1.20,0.71,2,3861
1758,0.83,1.00,2,3862
1759,1.10,0.76,2,3863
1760,1.80,0.45,2,3866
1761,1.15,0.74,2,3867
1762,0.95,0.86,2,3868
1763,1.70,0.50,2,3871
1764,0.80,1.05,2,3870
1765,0.95,0.86,2,3872
1766,1.70,0.50,2,3869
1767,1.15,0.74,2,3873
1768,0.68,1.25,2,3874
1769,1.00,0.83,2,3875
1770,0.43,1.90,2,3876
1773,0.58,1.50,2,3892
1775,0.86,0.95,2,3894
1778,1.05,0.80,2,3898
1779,1.05,0.80,2,3896
1780,0.80,1.05,2,3899
1782,1.50,0.58,2,3901
1783,1.10,0.76,2,3903
1785,0.95,0.86,2,3904
1787,0.95,0.86,2,3906
1788,1.30,0.66,2,3907
1790,1.00,0.83,2,3909
1791,0.64,1.35,2,3910
1792,0.80,1.05,2,3911
1793,1.30,0.66,2,3912
1794,0.64,1.35,2,3914
1795,1.00,0.83,2,3913
1796,0.76,1.10,2,3917
1797,0.90,0.90,2,3916
1798,0.95,0.86,2,3915
1799,1.05,0.80,2,3918
1800,0.62,1.40,2,3919
1801,1.55,0.57,2,3920
1802,1.15,0.74,2,3921
1803,0.50,1.70,2,3922
1804,0.76,1.10,2,3923
1805,1.05,0.80,2,3924
1806,1.65,0.54,2,3925
1807,1.00,0.83,2,3927
1808,1.10,0.76,2,3926
1809,1.25,0.68,2,3928
1810,0.83,1.00,2,3929
1811,1.45,0.60,2,3930
1812,1.00,0.83,2,3931
1813,1.10,0.76,2,3932
1814,1.25,0.68,2,3933
1815,1.45,0.60,2,3935
1816,1.70,0.50,2,3936
1817,0.90,0.90,2,3937
1818,0.64,1.35,2,3938
1819,1.20,0.71,2,3941
1820,2.15,0.38,2,3939
1821,1.55,0.57,2,3940
1822,0.71,1.20,2,3942
1823,0.86,0.95,2,3943
1824,1.55,0.57,2,3944
1825,1.25,0.68,2,3945
1826,1.30,0.66,2,3946
1827,1.70,0.50,2,3947
1828,1.05,0.80,2,3948
1829,0.90,0.90,2,3949
1830,1.30,0.66,2,3950
1831,1.40,0.62,2,3951
1832,1.45,0.60,2,3952
1833,0.68,1.25,2,3953
1834,1.45,0.60,2,3954
1835,0.58,1.50,2,3955
1836,0.58,1.50,2,3957
1837,1.60,0.55,2,3956
1838,1.30,0.66,2,3958
1839,1.35,0.64,2,3959
1840,1.25,0.68,2,3960
1841,1.25,0.68,2,3961
1842,1.05,0.80,2,3962
1843,2.30,0.35,2,3964
1844,0.74,1.15,2,3965
1845,1.70,0.50,2,3963
1846,0.68,1.25,2,3967
1847,1.70,0.50,2,3966
1848,1.35,0.64,2,3968
1849,0.95,0.86,2,3970
1850,0.80,1.05,2,3969
1851,1.40,0.62,2,3971
1852,1.65,0.54,2,3972
1853,1.70,0.50,2,3973
1854,1.35,0.64,2,3974
1855,0.83,1.00,2,3975
1856,0.86,0.95,2,3977
1857,1.75,0.47,2,3976
1859,1.75,0.47,2,3980
1860,1.25,0.68,2,3979
1861,0.90,0.90,2,3982
1862,1.10,0.76,2,3981
1863,1.35,0.64,2,3984
1864,1.60,0.55,2,3985
1865,1.60,0.55,2,3983
1866,1.35,0.64,2,3986
1867,1.15,0.74,2,3987
1869,1.50,0.58,2,3989
1870,1.30,0.66,2,3990
1871,1.50,0.58,2,4006
1872,1.20,0.71,2,4007
1873,0.68,1.25,2,4008
1874,1.05,0.80,2,4009
1875,0.90,0.90,2,4010
1876,0.90,0.90,2,4016
1877,0.57,1.55,2,4013
1878,1.35,0.64,2,4014
1879,1.45,0.60,2,4015
1880,0.66,1.30,2,4011
1881,0.55,1.60,2,4012
1882,1.05,0.80,2,4017
1883,0.64,1.35,2,4018
1884,0.47,1.75,2,4019
1885,0.90,0.90,2,4020
1886,1.20,0.71,2,4021
1887,1.05,0.80,2,4025
1888,0.50,1.70,2,4024
1889,1.00,0.83,2,4023
1890,0.95,0.86,2,4022
1891,0.90,0.90,2,4026
1892,0.64,1.35,2,4027
1893,0.86,0.95,2,4028
1894,1.70,0.50,2,4030
1895,1.35,0.64,2,4031
1896,0.76,1.10,2,4029
1897,0.68,1.25,2,4032
1898,0.64,1.35,2,4033
1899,0.90,0.90,2,4034
1900,0.83,1.00,2,4035
1901,1.15,0.74,2,4021
1902,0.66,1.30,2,4037
1903,1.00,0.83,2,4040
1904,0.95,0.86,2,4039
1905,0.95,0.86,2,4042
1906,0.90,0.90,2,4038
1907,1.35,0.64,2,4041
1908,0.62,1.40,2,4043
1909,0.86,0.95,2,4045
1910,1.95,0.42,2,4044
1911,1.00,0.83,2,4046
1912,1.50,0.58,2,4047
1913,0.90,0.90,2,4048
1914,0.76,1.10,2,4049
1915,1.30,0.66,2,4051
1916,1.00,0.83,2,4050
1917,0.68,1.25,2,4053
1918,1.20,0.71,2,4054
1919,0.80,1.05,2,4055
1921,0.83,1.00,2,4056
1922,0.29,2.70,2,4058
1923,0.74,1.15,2,4057
1924,1.70,0.50,2,4059
1925,0.90,0.90,2,4060
1926,1.25,0.68,2,4061
1927,0.80,1.05,2,4062
1928,1.05,0.80,2,4063
1929,0.71,1.20,2,4064
1930,1.40,0.62,2,4071
1931,1.20,0.71,2,4070
1932,0.60,1.45,2,4073
1933,1.35,0.64,2,4069
1934,1.15,0.74,2,4072
1935,0.62,1.40,2,4074
1936,0.90,0.90,2,4075
1937,0.90,0.90,2,4076
1938,0.86,0.95,2,4077
1939,0.90,0.90,2,4078
1940,1.10,0.76,2,4079
1941,1.00,0.83,2,4080
1942,0.90,0.90,2,4081
1943,0.76,1.10,2,4082
1944,1.75,0.47,2,4083
1945,0.80,1.05,2,4084
1946,1.75,0.47,2,4085
1955,1.30,0.66,2,4086
1956,0.68,1.25,2,4087
1957,1.20,0.71,2,4088
1958,0.95,0.86,2,4089
1959,1.50,0.58,2,4091
1960,0.76,1.10,2,4092
1961,1.25,0.68,2,4090
1962,1.15,0.74,2,4093
1963,1.60,0.55,2,4094
1964,1.25,0.68,2,4095
1965,0.68,1.25,2,4096
1966,0.54,1.65,2,4097
1967,0.80,1.05,2,4099
1968,1.45,0.60,2,4100
1983,1.20,0.71,2,4102
1984,1.45,0.60,2,4101
1985,0.71,1.20,2,4103
1986,0.80,1.05,2,4104
1987,0.90,0.90,2,4107
1988,0.86,0.95,2,4105
1989,0.86,0.95,2,4108
1990,1.67,0.52,2,4109
1991,1.15,0.74,2,4106
1992,1.60,0.55,2,4110
1993,1.10,0.76,2,4112
1995,0.68,1.25,2,4113
1996,1.95,0.42,2,4114
1997,0.71,1.20,2,4115
2011,0.90,0.90,2,4116
2012,1.15,0.74,2,4118
2013,1.20,0.71,2,4119
2014,1.75,0.47,2,4117
2015,0.62,1.40,2,4120
2016,0.95,0.86,2,4121
2017,0.86,0.95,2,4122
2018,1.20,0.71,2,4123
2019,0.90,0.90,2,4124
2020,0.74,1.15,2,4125
2021,1.05,0.80,2,4126
2022,3.00,0.26,2,4128
2024,0.80,1.05,2,4127
2079,1.75,0.47,2,4144
2080,1.45,0.60,2,4145
2081,0.60,1.45,2,4146
2082,1.05,0.80,2,4147
2083,0.83,1.00,2,4148
2084,1.15,0.74,2,4151
2085,1.15,0.74,2,4150
2086,1.40,0.62,2,4149
2087,1.10,0.76,2,4152
2088,1.20,0.71,2,4153
2089,1.30,0.66,2,4154
2090,0.83,1.00,2,4157
2091,1.55,0.57,2,4155
2092,0.86,0.95,2,4156
2093,1.05,0.80,2,4158
2137,1.20,0.71,2,4159
2138,1.90,0.43,2,4160
2139,1.65,0.54,2,4161
2140,0.41,2.00,2,4162
2141,1.15,0.74,2,4163
2142,0.71,1.20,2,4164
2143,1.05,0.80,2,4165
2144,1.40,0.62,2,4166
2145,0.95,0.86,2,4168
2147,1.60,0.55,2,4170
2148,0.41,2.00,2,4169
2149,1.35,0.64,2,4171
2184,1.25,0.68,2,4175
2185,1.40,0.62,2,4176
2186,0.95,0.86,2,4177
2187,1.15,0.74,2,4178
2189,0.38,2.15,2,4180
2190,0.90,0.90,2,4181
2202,0.76,1.10,2,4183
2203,1.30,0.66,2,4184
2204,1.55,0.57,2,4182
2205,1.00,0.83,2,4188
2206,0.55,1.60,2,4187
2207,1.55,0.57,2,4186
2208,1.15,0.74,2,4189
2209,0.62,1.40,2,4191
2210,0.41,2.00,2,4190
2211,0.95,0.86,2,4192
2212,0.83,1.00,2,4193
2213,1.25,0.68,2,4196
2215,2.40,0.33,2,4194
2242,1.00,0.83,2,4198
2243,1.30,0.66,2,4197
2244,2.20,0.37,2,4199
2245,0.68,1.25,2,4200
2246,0.74,1.15,2,4201
2247,0.90,0.90,2,4202
2249,0.58,1.50,2,4207
2250,1.25,0.68,2,4206
2251,0.31,2.55,2,4205
2252,1.20,0.71,2,4204
2253,0.71,1.20,2,4208
2254,0.74,1.15,2,4209
2255,0.74,1.15,2,4210
2256,0.83,1.00,2,4211
2298,1.15,0.74,2,4213
2299,1.40,0.62,2,4212
2300,1.05,0.80,2,4215
2301,0.71,1.20,2,4214
2302,0.90,0.90,2,4217
2304,1.40,0.62,2,4216
2305,0.76,1.10,2,4220
2306,0.50,1.70,2,4219
2307,1.00,0.83,2,4221
2308,1.05,0.80,2,4222
2310,1.75,0.47,2,4224
2311,0.57,1.55,2,4225
2337,1.55,0.57,2,4231
2338,0.68,1.25,2,4230
2339,0.71,1.20,2,4229
2340,0.71,1.20,2,4232
2341,0.95,0.86,2,4233
2342,1.35,0.64,2,4235
2343,0.58,1.50,2,4234
2344,1.30,0.66,2,4236
2345,0.86,0.95,2,4228
2363,1.45,0.60,2,4239
2364,1.60,0.55,2,4238
2365,1.00,0.83,2,4237
2366,1.35,0.64,2,4240
2367,0.44,1.85,2,4241
2368,0.50,1.70,2,4242
2369,1.00,0.83,2,4243
2370,1.55,0.57,2,4244
2372,0.90,0.90,2,4247
2373,0.40,2.05,2,4246
2374,1.15,0.74,2,4248
2375,0.86,0.95,2,4250
2376,0.90,0.90,2,4249
2377,0.83,1.00,2,4251
2460,1.80,0.45,2,4252
2461,0.47,1.75,2,4253
2462,0.83,1.00,2,4254
2463,1.30,0.66,2,4257
2464,0.86,0.95,2,4256
2465,1.00,0.83,2,4255
2466,0.80,1.05,2,4258
2468,1.25,0.68,2,4260
2469,0.86,0.95,2,4261
2471,1.70,0.50,2,4262
2472,1.30,0.66,2,4264
2473,1.67,0.52,2,4265
2474,1.10,0.76,2,4266
2475,0.74,1.15,2,4267
2476,1.10,0.76,2,4268
2477,1.35,0.64,2,4269
2478,1.35,0.64,2,4271
2479,1.05,0.80,2,4270
2482,0.37,2.20,2,4274
2483,1.35,0.64,2,4275
2485,1.10,0.76,2,4277
2486,1.30,0.66,2,4278
2487,1.05,0.80,2,4279
2541,1.25,0.68,2,4332
2542,0.71,1.20,2,4333
2543,1.05,0.80,2,4334
2544,1.55,0.57,2,4335
2545,1.75,0.47,2,4336
2546,0.76,1.10,2,4338
2548,1.10,0.76,2,4337
2549,0.80,1.05,2,4340
2550,0.80,1.05,2,4342
2551,1.45,0.60,2,4341
2552,0.62,1.40,2,4343
2553,1.35,0.64,2,4344
2554,1.05,0.80,2,4345
2560,1.40,0.62,2,4347
2562,1.05,0.80,2,4349
2563,1.05,0.80,2,4350
2564,0.80,1.05,2,4351
2565,1.00,0.83,2,4353
2566,0.47,1.75,2,4352
2595,1.15,0.74,2,4354
2596,0.64,1.35,2,4355
2597,1.40,0.62,2,4357
2598,0.60,1.45,2,4356
2599,0.66,1.30,2,4358
2600,0.64,1.35,2,4359
2601,1.20,0.71,2,4360
2602,0.47,1.75,2,4361
2604,0.58,1.50,2,4363
2605,0.86,0.95,2,4364
2606,1.75,0.47,2,4365
2621,0.86,0.95,2,4366
2623,0.86,0.95,2,4368
2624,1.10,0.76,2,4369
2625,1.70,0.50,2,4370
2626,0.90,0.90,2,4371
2627,1.30,0.66,2,4372
2628,1.30,0.66,2,4373
2629,0.90,0.90,2,4374
2630,0.80,1.05,2,4376
2631,0.95,0.86,2,4375
2632,0.83,1.00,2,4377
2633,0.95,0.86,2,4379
2634,1.20,0.71,2,4378
2635,0.95,0.86,2,4380
2636,0.83,1.00,2,4382
2637,1.15,0.74,2,4381
2638,1.00,0.83,2,4383
2639,1.55,0.57,2,4384
2640,0.80,1.05,2,4385
2641,0.57,1.55,2,4386
2642,1.20,0.71,2,4387
2643,0.80,1.05,2,4388
2645,2.70,0.29,2,4389
2672,1.00,0.83,2,4392
2673,1.45,0.60,2,4393
2674,1.05,0.80,2,4394
2675,0.71,1.20,2,4395
2676,0.86,0.95,2,4397
2677,1.10,0.76,2,4396
2678,1.20,0.71,2,4399
2680,1.20,0.71,2,4400
2681,1.70,0.50,2,4401
2682,1.55,0.57,2,4402
2683,1.30,0.66,2,4403
2684,0.57,1.55,2,4404
2685,1.35,0.64,2,4405
2686,2.55,0.31,2,4406
2716,1.10,0.76,2,4408
2717,1.75,0.47,2,4409
2718,1.60,0.55,2,4410
2719,0.60,1.45,2,4411
2720,1.15,0.74,2,4412
2721,0.47,1.75,2,4414
2722,1.35,0.64,2,4415
2723,0.95,0.86,2,4416
2724,0.95,0.86,2,4417
2831,1.55,0.57,2,4448
2832,1.10,0.76,2,4449
2833,0.80,1.05,2,4450
2834,0.47,1.75,2,4452
2835,0.90,0.90,2,4453
2836,1.05,0.80,2,4451
2837,1.10,0.76,2,4454
2838,1.00,0.83,2,4455
2839,1.80,0.45,2,4456
2840,0.86,0.95,2,4458
2841,1.80,0.45,2,4457
2842,0.47,1.75,2,4459
2843,1.55,0.57,2,4460
2844,0.45,1.80,2,4461
2845,1.40,0.62,2,4462
2875,0.62,1.40,2,4463
2876,1.45,0.60,2,4464
2877,1.20,0.71,2,4465
2878,0.86,0.95,2,4466
2879,0.80,1.05,2,4467
2882,1.75,0.47,2,4469
2883,0.64,1.35,2,4471
2884,1.70,0.50,2,4472
2885,1.67,0.52,2,4473
2886,1.05,0.80,2,4474
2887,1.80,0.45,2,4475
2888,0.86,0.95,2,4476
2915,0.58,1.50,2,4480
2916,1.40,0.62,2,4479
2917,0.71,1.20,2,4482
2918,1.05,0.80,2,4481
2919,0.90,0.90,2,4483
2921,1.25,0.68,2,4485
2922,0.76,1.10,2,4486
2937,1.15,0.74,2,4487
2938,0.90,0.90,2,4489
2939,0.83,1.00,2,4487
2940,1.55,0.57,2,4488
2942,1.70,0.50,2,4491
2943,0.62,1.40,2,4490
2944,0.57,1.55,2,4492
2945,1.75,0.47,2,4494
2946,0.83,1.00,2,4495
2947,0.80,1.05,2,4497
2948,1.50,0.58,2,4498
2949,1.10,0.76,2,4499
2950,1.65,0.54,2,4500
2951,1.25,0.68,2,4501
2952,0.86,0.95,2,4502
2969,0.66,1.30,2,4503
2970,0.74,1.15,2,4504
2971,0.86,0.95,2,4505
2973,0.90,0.90,2,4507
2974,0.60,1.45,2,4508
2975,0.58,1.50,2,4510
2976,0.57,1.55,2,4509
2977,1.85,0.44,2,4511
2978,0.55,1.60,2,4512
2979,1.25,0.68,2,4513
2980,1.05,0.80,2,4514
2992,0.54,1.65,2,4516
2993,1.50,0.58,2,4518
2995,1.30,0.66,2,4515
2996,1.40,0.62,2,4519
2997,1.05,0.80,2,4521
2998,0.80,1.05,2,4520
2999,1.30,0.66,2,4522
3000,0.86,0.95,2,4523
3001,0.60,1.45,2,4524
3002,1.40,0.62,2,4525
3003,1.90,0.43,2,4526
3004,0.83,1.00,2,4528
3006,1.60,0.55,2,4529
3020,1.20,0.71,2,4531
3021,1.67,0.52,2,4530
3022,1.25,0.68,2,4532
3023,1.70,0.50,2,4534
3024,0.83,1.00,2,4533
3025,1.05,0.80,2,4535
3026,0.45,1.80,2,4536
3027,0.95,0.86,2,4537
3028,1.20,0.71,2,4538
3029,0.90,0.90,2,4539
3030,1.30,0.66,2,4540
3032,1.00,0.83,2,4542
3033,0.80,1.05,2,4543
3034,1.55,0.57,2,4544
